{
  "experiment": "F_closed_loop_receding_horizon_planning",
  "key_result": {
    "controlled_combined_repair_n64_improvement_over_raw": 3.8530493422724845,
    "controlled_oracle_n64_mean_return": 1.9033140511545708,
    "controlled_raw_n1_mean_return": -0.9764556707068485,
    "controlled_raw_n64_mean_return": -3.078512600461651,
    "learned_combined_repair_n64_improvement_over_raw": 2.2254012848367197,
    "learned_oracle_n64_mean_return": 2.6186064494486425,
    "learned_raw_n1_mean_return": -0.19489573698013557,
    "learned_raw_n64_mean_return": -1.2560939977790955
  },
  "n_values": [
    1,
    8,
    64
  ],
  "scorers": [
    "raw_value",
    "combined_repair",
    "random",
    "oracle"
  ],
  "smoke": false,
  "summary": {
    "controlled": {
      "combined_repair": {
        "1": {
          "mean_return": -0.9764556707068485,
          "n": 240,
          "std_return": 2.6928170972864622
        },
        "64": {
          "mean_return": 0.7745367418108338,
          "n": 240,
          "std_return": 0.4494384050443895
        },
        "8": {
          "mean_return": 0.5395379568834301,
          "n": 240,
          "std_return": 0.7532641942970421
        }
      },
      "oracle": {
        "1": {
          "mean_return": -0.9764556707068485,
          "n": 240,
          "std_return": 2.6928170972864622
        },
        "64": {
          "mean_return": 1.9033140511545708,
          "n": 240,
          "std_return": 2.0517138019471006
        },
        "8": {
          "mean_return": 1.417577985310589,
          "n": 240,
          "std_return": 2.1541997249224947
        }
      },
      "random": {
        "1": {
          "mean_return": -0.9764556707068485,
          "n": 240,
          "std_return": 2.6928170972864622
        },
        "64": {
          "mean_return": -1.073098543626284,
          "n": 240,
          "std_return": 2.7005147297634773
        },
        "8": {
          "mean_return": -1.0554729913835965,
          "n": 240,
          "std_return": 2.693568140006135
        }
      },
      "raw_value": {
        "1": {
          "mean_return": -0.9764556707068485,
          "n": 240,
          "std_return": 2.6928170972864622
        },
        "64": {
          "mean_return": -3.078512600461651,
          "n": 240,
          "std_return": 4.886610533854563
        },
        "8": {
          "mean_return": -2.6681481145554167,
          "n": 240,
          "std_return": 4.487360180720813
        }
      }
    },
    "learned_rssm": {
      "combined_repair": {
        "1": {
          "mean_return": -0.19489573698013557,
          "n": 36,
          "std_return": 2.975703059021165
        },
        "64": {
          "mean_return": 0.9693072870576243,
          "n": 36,
          "std_return": 0.5196237863224769
        },
        "8": {
          "mean_return": 0.7625439576804266,
          "n": 36,
          "std_return": 0.9071378430901845
        }
      },
      "oracle": {
        "1": {
          "mean_return": -0.19489573698013557,
          "n": 36,
          "std_return": 2.975703059021165
        },
        "64": {
          "mean_return": 2.6186064494486425,
          "n": 36,
          "std_return": 2.3837647611241812
        },
        "8": {
          "mean_return": 2.127143707393518,
          "n": 36,
          "std_return": 2.538730225848056
        }
      },
      "random": {
        "1": {
          "mean_return": -0.19489573698013557,
          "n": 36,
          "std_return": 2.975703059021165
        },
        "64": {
          "mean_return": -0.11172572849823768,
          "n": 36,
          "std_return": 3.272179474207068
        },
        "8": {
          "mean_return": -0.0869104094437401,
          "n": 36,
          "std_return": 3.0146207240780973
        }
      },
      "raw_value": {
        "1": {
          "mean_return": -0.19489573698013557,
          "n": 36,
          "std_return": 2.975703059021165
        },
        "64": {
          "mean_return": -1.2560939977790955,
          "n": 36,
          "std_return": 5.5579270976449395
        },
        "8": {
          "mean_return": -0.9564329785758563,
          "n": 36,
          "std_return": 5.069305194157667
        }
      }
    }
  }
}
