{
  "anti_aligned_curve": {
    "1": -0.0049626465548600444,
    "16": -1.7304717350857475,
    "64": -2.3084398983517276
  },
  "binary_n2_auc_identity": 0.7099869791666666,
  "binary_n2_exact": 0.7099869791666666,
  "constant_utility_curve": {
    "1": 3.499999999999999,
    "16": 3.4999999999999996,
    "64": 3.5
  },
  "experiment": "exact_finite_law_validation",
  "max_abs_error": 0.009960829480120337,
  "n_records": 480,
  "n_trials": 14000,
  "oracle_curve": {
    "1": -0.004962646554859951,
    "16": 1.555594308460381,
    "64": 1.9666838453576467
  }
}
